name,image,rating,detail
"Redmi Note 11 PRO Plus 5G (Mirage Blue, 256 GB)",https://rukminim1.flixcart.com/image/312/312/l13whow0/mobile/0/6/7/note-11-pro-plus-5g-2201116si-redmi-original-imagcqr7spupzwtz.jpeg?q=70,None,8 GB RAM | 256 GB ROM16.94 cm (6.67 inch) Display108MP Rear Camera5000 mAh Battery12 months
"Redmi Note 11 PRO Plus 5G (Phantom White, 128 GB)",https://rukminim1.flixcart.com/image/312/312/l1mh7rk0/mobile/f/z/p/note-11-pro-5g-2201116si-redmi-original-imagd5gcaqg9cvme.jpeg?q=70,None,6 GB RAM | 128 GB ROM16.94 cm (6.67 inch) Display108MP Rear Camera5000 mAh Battery12 months
"Redmi 9A (Midnight Black, 32 GB)",https://rukminim1.flixcart.com/image/312/312/kesv0y80/mobile/b/h/z/mi-redmi-9a-b08696xb4b-original-imafve7pnhwakaha.jpeg?q=70,None,2 GB RAM | 32 GB ROM16.59 cm (6.53 inch) Full HD+ Display13MP Rear Camera5000 mAh Battery1 Year  Manufacturer Warranty
"Redmi Note 11 (Horizon Blue, 64 GB)",https://rukminim1.flixcart.com/image/312/312/xif0q/mobile/p/5/r/redmi-note-11-2201117ti-mi-original-imaggghwgnzxzzvm.jpeg?q=70,None,6 GB RAM | 64 GB ROM16.33 cm (6.43 inch) Display50MP Rear Camera5000 mAh Battery12 months
"Redmi Note 11 (Space Black, 128 GB)",https://rukminim1.flixcart.com/image/312/312/kzhbfrk0/mobile/k/d/j/note-11-2201117ti-redmi-original-imagbh8dmpjfzrjw.jpeg?q=70,None,6 GB RAM | 128 GB ROM16.33 cm (6.43 inch) Display50MP Rear Camera5000 mAh BatterySnapdragon 680 Processor12 months
"REDMI Note 11T 5G (Aquamarine Blue, 128 GB)",https://rukminim1.flixcart.com/image/312/312/kwv0djk0/mobile/t/q/o/note-11t-5g-21091116ai-mzb0a8qin-redmi-original-imag9g3wygd8829v.jpeg?q=70,None,8 GB RAM | 128 GB ROM16.76 cm (6.6 inch) Display50MP Rear Camera5000 mAh BatteryOcta Core Processor12 months
"REDMI Note 11T 5G (Matte black, 128 GB)",https://rukminim1.flixcart.com/image/312/312/kwv0djk0/mobile/n/t/m/note-11t-21091116ai-mzb0a8qain-redmi-original-imag9g3hxujubg8g.jpeg?q=70,None,8 GB RAM | 128 GB ROM16.76 cm (6.6 inch) Display50MP Rear Camera5000 mAh BatteryOcta Core Processor12 months
"REDMI Note 11T 5G (Matte black, 128 GB)",https://rukminim1.flixcart.com/image/312/312/kwv0djk0/mobile/n/t/m/note-11t-21091116ai-mzb0a8qain-redmi-original-imag9g3hxujubg8g.jpeg?q=70,None,6 GB RAM | 128 GB ROM16.76 cm (6.6 inch) Display50MP Rear Camera5000 mAh BatteryOcta Core Processor12 months
"REDMI Note 11T 5G (Stardust White, 128 GB)",https://rukminim1.flixcart.com/image/312/312/kwv0djk0/mobile/g/h/4/note-11t-21091116ai-mzb0a8qin-redmi-original-imag9g37hzxggjgg.jpeg?q=70,None,8 GB RAM | 128 GB ROM16.76 cm (6.6 inch) Display50MP Rear Camera5000 mAh BatteryOcta Core Processor12
"Xiaomi 11i Hypercharge 5G (Purple Mist, 128 GB)",https://rukminim1.flixcart.com/image/312/312/ky7lci80/mobile/k/b/g/-original-imagagf6fzbhuhny.jpeg?q=70,None,8 GB RAM | 128 GB ROM | Expandable Upto 1 TB16.94 cm (6.67 inch) Full HD+ AMOLED Display108MP + 8MP + 2MP | 16MP Front Camera4500 mAh Li-Polymer BatteryMediatek Dimensity 920 Processor1 Year Manufacturer Warranty for Phone and 6 Months Warranty for In the Box Accessories
"Redmi 9A (Nature Green, 32 GB)",https://rukminim1.flixcart.com/image/312/312/kesv0y80/mobile/k/h/9/mi-redmi-9a-b08696xb4b-original-imafve7pte7e4zmp.jpeg?q=70,None,3 GB RAM | 32 GB ROM | Expandable Upto 512 GB16.59 cm (6.53 inch) HD+ Display13MP Rear Camera | 5MP Front Camera5000 mAh BatteryMediaTek Helio G25 Processor1 year manufacturer warranty for device and 6 months manufacturer warranty for in-box accessories including batteries from the date of purchase
"Redmi 9A (Midnight Black, 32 GB)",https://rukminim1.flixcart.com/image/312/312/kesv0y80/mobile/b/h/z/mi-redmi-9a-b08696xb4b-original-imafve7pnhwakaha.jpeg?q=70,None,3 GB RAM | 32 GB ROM | Expandable Upto 512 GB16.59 cm (6.53 inch) HD+ Display13MP Rear Camera | 5MP Front Camera5000 mAh BatteryMediaTek Helio G25 Processor1 year manufacturer warranty for device and 6 months manufacturer warranty for in-box accessories including batteries from the date of purchase
"Redmi 8 (Emerald Green, 64 GB)",https://rukminim1.flixcart.com/image/312/312/k1fbmvk0/mobile/9/e/m/mi-redmi-8-mzb8252in-original-imafhyacczv2h27n.jpeg?q=70,None,4 GB RAM | 64 GB ROM | Expandable Upto 512 GB15.8 cm (6.22 inch) HD+ Display12MP + 2MP | 8MP Front Camera5000 mAh BatteryQualcomm Snapdragon 439 ProcessorBrand Warranty of 1 Year Available for Mobile and 6 Months for Accessories
"REDMI Note 11 Pro (Stealth Black, 128 GB)",https://rukminim1.flixcart.com/image/312/312/l19m93k0/mobile/o/l/f/note-11-pro-5g-21091116i-redmi-original-imagcvg4ghr3ykge.jpeg?q=70,None,8 GB RAM | 128 GB ROM16.94 cm (6.67 inch) Display108MP Rear Camera5000 mAh Battery12 months
"Redmi 9 (Sky Blue, 64 GB)",https://rukminim1.flixcart.com/image/312/312/kehfi4w0/mobile/g/9/h/mi-redmi-9-lpddr4x-original-imafv5kypkgfqupf.jpeg?q=70,None,4 GB RAM | 64 GB ROM16.59 cm (6.53 inch) HD+ Display13MP + 2MP | 5MP Front Camera5000 mAh BatteryMediaTek Helio G35 Processor1 year manufacturer warranty for device and 6 months manufacturer warranty for in-box accessories including batteries from the date of purchase
"Xiaomi 11Lite NE (Tuscany Coral, 128 GB)",https://rukminim1.flixcart.com/image/312/312/kua4r680/mobile/f/h/2/11lite5g-xiaomi-11-lite-ne-5g-redmi-original-imag7f6cggkvuyyb.jpeg?q=70,None,6 GB RAM | 128 GB ROM | Expandable Upto 1 TB16.64 cm (6.55 inch) Full HD+ Display64MP + 8MP + 5MP | 20MP Front Camera4250 mAh BatteryQualcomm Snapdragon 778G ProcessorBrand Warranty of 1 Year Available for Mobile and 6 Months for Accessories
"Mi 11 Lite (Vinyl Black, 128 GB)",https://rukminim1.flixcart.com/image/312/312/kq6yefk0/mobile/b/2/f/11-lite-m2101k9ai-mi-original-imag496egxryygvz.jpeg?q=70,None,8 GB RAM | 128 GB ROM | Expandable Upto 512 GB16.64 cm (6.55 inch) Full HD+ Display64MP + 8MP + 5MP | 16MP Front Camera4250 mAh Li-Polymer BatteryQualcomm Snapdragon 732G Processor1 Year Manufacturer Warranty for Handset and 6 Months Warranty for In the Box Accessories
"Redmi 8A (Sunset Red, 32 GB)",https://rukminim1.flixcart.com/image/312/312/k0y6cnk0/mobile/p/4/x/mi-redmi-8a-mzb8459in-original-imafkmg2mza82yyu.jpeg?q=70,None,3 GB RAM | 32 GB ROM | Expandable Upto 512 GB15.8 cm (6.22 inch) HD+ Display12MP Rear Camera | 8MP Front Camera5000 mAh BatteryQualcomm Snapdragon 439 ProcessorBrand Warranty of 1 Year Available for Mobile and 6 Months for Accessories
"Redmi 8 (Ruby Red, 64 GB)",https://rukminim1.flixcart.com/image/312/312/k1fbmvk0/mobile/4/f/f/mi-redmi-8-mzb8251in-original-imafhyacmxaefxgw.jpeg?q=70,None,4 GB RAM | 64 GB ROM | Expandable Upto 512 GB15.8 cm (6.22 inch) HD+ Display12MP + 2MP | 8MP Front Camera5000 mAh BatteryQualcomm Snapdragon 439 ProcessorBrand Warranty of 1 Year Available for Mobile and 6 Months for Accessories
"Redmi Note 9 Pro (Interstellar Black, 64 GB)",https://rukminim1.flixcart.com/image/312/312/k7usyvk0/mobile/g/u/h/mi-redmi-note-9-b0784d862l-original-imafqy27dchrz3af.jpeg?q=70,None,4 GB RAM | 64 GB ROM | Expandable Upto 512 GB16.94 cm (6.67 inch) Full HD+ Display48MP + 8MP + 5MP + 2MP | 16MP Front Camera5020 mAh BatteryQualcomm® Snapdragon™ 720G Processor1 year manufacturer warranty for device and 6 months manufacturer warranty for in-box accessories
"Redmi 9A (SeaBlue, 32 GB)",https://rukminim1.flixcart.com/image/312/312/kesv0y80/mobile/w/g/r/mi-redmi-9a-b08696xb4b-original-imafve7pjpemhwk5.jpeg?q=70,None,2 GB RAM | 32 GB ROM16.59 cm (6.53 inch) Full HD+ Display13MP Rear Camera5000 mAh Battery1 Year Manufacturer  Warranty
"Redmi 8A (Midnight Black, 32 GB)",https://rukminim1.flixcart.com/image/312/312/k12go7k0/mobile/8/e/b/mi-redmi-8a-mzb8298in-original-imafkmhqztfbabww.jpeg?q=70,None,3 GB RAM | 32 GB ROM | Expandable Upto 512 GB15.8 cm (6.22 inch) HD+ Display12MP Rear Camera | 8MP Front Camera5000 mAh BatteryQualcomm Snapdragon 439 ProcessorBrand Warranty of 1 Year Available for Mobile and 6 Months for Accessories
"Xiaomi 11T Pro 5G Hyperphone (Moonlight White, 256 GB)",https://rukminim1.flixcart.com/image/312/312/kyoqmq80/mobile/f/m/b/11t-pro-5g-11t-mi-original-imagauz3cr3wzrhg.jpeg?q=70,None,8 GB RAM | 256 GB ROM16.94 cm (6.67 inch) Display108MP Rear Camera5000 mAh Battery12 months
"Mi 11 Lite (Jazz Blue, 128 GB)",https://rukminim1.flixcart.com/image/312/312/kq6yefk0/mobile/i/w/m/11-lite-m2101k9ai-mi-original-imag496gkgqjrvvg.jpeg?q=70,None,8 GB RAM | 128 GB ROM | Expandable Upto 512 GB16.64 cm (6.55 inch) Full HD+ Display64MP + 8MP + 5MP | 16MP Front Camera4250 mAh Li-Polymer BatteryQualcomm Snapdragon 732G Processor1 Year Manufacturer Warranty for Handset and 6 Months Warranty for In the Box Accessories
name,image,rating,detail
"Redmi Note 11 (Starburst White, 64 GB)",https://rukminim1.flixcart.com/image/312/312/kzfvzww0/mobile/t/f/s/note-11-2201117ti-redmi-original-imagbgaqje2mygjm.jpeg?q=70,None,6 GB RAM | 64 GB ROM16.33 cm (6.43 inch) Display50MP Rear Camera5000 mAh Battery12 months
"Redmi Note 11 PRO Plus 5G (Stealth Black, 256 GB)",https://rukminim1.flixcart.com/image/312/312/l13whow0/mobile/t/q/j/note-11-pro-plus-5g-2201116si-redmi-original-imagcqrqw5rwhguk.jpeg?q=70,None,8 GB RAM | 256 GB ROM16.94 cm (6.67 inch) Display108MP Rear Camera | 16MP Front Camera5000 mAh Battery12 months
"Redmi Note 11 PRO Plus 5G (Mirage Blue, 256 GB)",https://rukminim1.flixcart.com/image/312/312/l13whow0/mobile/0/6/7/note-11-pro-plus-5g-2201116si-redmi-original-imagcqr7spupzwtz.jpeg?q=70,None,8 GB RAM | 256 GB ROM16.94 cm (6.67 inch) Display108MP Rear Camera5000 mAh Battery12 months
"Redmi Note 11 PRO Plus 5G (Phantom White, 128 GB)",https://rukminim1.flixcart.com/image/312/312/l1mh7rk0/mobile/f/z/p/note-11-pro-5g-2201116si-redmi-original-imagd5gcaqg9cvme.jpeg?q=70,None,6 GB RAM | 128 GB ROM16.94 cm (6.67 inch) Display108MP Rear Camera5000 mAh Battery12 months
"Redmi Note 11 (Horizon Blue, 64 GB)",https://rukminim1.flixcart.com/image/312/312/xif0q/mobile/p/5/r/redmi-note-11-2201117ti-mi-original-imaggghwgnzxzzvm.jpeg?q=70,None,6 GB RAM | 64 GB ROM16.33 cm (6.43 inch) Display50MP Rear Camera5000 mAh Battery12 months
"Redmi 9A (Midnight Black, 32 GB)",https://rukminim1.flixcart.com/image/312/312/kesv0y80/mobile/b/h/z/mi-redmi-9a-b08696xb4b-original-imafve7pnhwakaha.jpeg?q=70,None,2 GB RAM | 32 GB ROM16.59 cm (6.53 inch) Full HD+ Display13MP Rear Camera5000 mAh Battery1 Year  Manufacturer Warranty
"Redmi Note 11 (Space Black, 128 GB)",https://rukminim1.flixcart.com/image/312/312/kzhbfrk0/mobile/k/d/j/note-11-2201117ti-redmi-original-imagbh8dmpjfzrjw.jpeg?q=70,None,6 GB RAM | 128 GB ROM16.33 cm (6.43 inch) Display50MP Rear Camera5000 mAh BatterySnapdragon 680 Processor12 months
"REDMI Note 11T 5G (Aquamarine Blue, 128 GB)",https://rukminim1.flixcart.com/image/312/312/kwv0djk0/mobile/t/q/o/note-11t-5g-21091116ai-mzb0a8qin-redmi-original-imag9g3wygd8829v.jpeg?q=70,None,8 GB RAM | 128 GB ROM16.76 cm (6.6 inch) Display50MP Rear Camera5000 mAh BatteryOcta Core Processor12 months
"Xiaomi 11i Hypercharge 5G (Purple Mist, 128 GB)",https://rukminim1.flixcart.com/image/312/312/ky7lci80/mobile/k/b/g/-original-imagagf6fzbhuhny.jpeg?q=70,None,8 GB RAM | 128 GB ROM | Expandable Upto 1 TB16.94 cm (6.67 inch) Full HD+ AMOLED Display108MP + 8MP + 2MP | 16MP Front Camera4500 mAh Li-Polymer BatteryMediatek Dimensity 920 Processor1 Year Manufacturer Warranty for Phone and 6 Months Warranty for In the Box Accessories
"REDMI Note 11T 5G (Stardust White, 128 GB)",https://rukminim1.flixcart.com/image/312/312/kwv0djk0/mobile/g/h/4/note-11t-21091116ai-mzb0a8qin-redmi-original-imag9g37hzxggjgg.jpeg?q=70,None,8 GB RAM | 128 GB ROM16.76 cm (6.6 inch) Display50MP Rear Camera5000 mAh BatteryOcta Core Processor12
"REDMI Note 11T 5G (Matte black, 128 GB)",https://rukminim1.flixcart.com/image/312/312/kwv0djk0/mobile/n/t/m/note-11t-21091116ai-mzb0a8qain-redmi-original-imag9g3hxujubg8g.jpeg?q=70,None,6 GB RAM | 128 GB ROM16.76 cm (6.6 inch) Display50MP Rear Camera5000 mAh BatteryOcta Core Processor12 months
"Redmi 8 (Emerald Green, 64 GB)",https://rukminim1.flixcart.com/image/312/312/k1fbmvk0/mobile/9/e/m/mi-redmi-8-mzb8252in-original-imafhyacczv2h27n.jpeg?q=70,None,4 GB RAM | 64 GB ROM | Expandable Upto 512 GB15.8 cm (6.22 inch) HD+ Display12MP + 2MP | 8MP Front Camera5000 mAh BatteryQualcomm Snapdragon 439 ProcessorBrand Warranty of 1 Year Available for Mobile and 6 Months for Accessories
"Redmi 9A (Midnight Black, 32 GB)",https://rukminim1.flixcart.com/image/312/312/kesv0y80/mobile/b/h/z/mi-redmi-9a-b08696xb4b-original-imafve7pnhwakaha.jpeg?q=70,None,3 GB RAM | 32 GB ROM | Expandable Upto 512 GB16.59 cm (6.53 inch) HD+ Display13MP Rear Camera | 5MP Front Camera5000 mAh BatteryMediaTek Helio G25 Processor1 year manufacturer warranty for device and 6 months manufacturer warranty for in-box accessories including batteries from the date of purchase
"Redmi 9A (Nature Green, 32 GB)",https://rukminim1.flixcart.com/image/312/312/kesv0y80/mobile/k/h/9/mi-redmi-9a-b08696xb4b-original-imafve7pte7e4zmp.jpeg?q=70,None,3 GB RAM | 32 GB ROM | Expandable Upto 512 GB16.59 cm (6.53 inch) HD+ Display13MP Rear Camera | 5MP Front Camera5000 mAh BatteryMediaTek Helio G25 Processor1 year manufacturer warranty for device and 6 months manufacturer warranty for in-box accessories including batteries from the date of purchase
"Redmi 9 (Sky Blue, 64 GB)",https://rukminim1.flixcart.com/image/312/312/kehfi4w0/mobile/g/9/h/mi-redmi-9-lpddr4x-original-imafv5kypkgfqupf.jpeg?q=70,None,4 GB RAM | 64 GB ROM16.59 cm (6.53 inch) HD+ Display13MP + 2MP | 5MP Front Camera5000 mAh BatteryMediaTek Helio G35 Processor1 year manufacturer warranty for device and 6 months manufacturer warranty for in-box accessories including batteries from the date of purchase
"Xiaomi 11Lite NE (Diamond Dazzle, 128 GB)",https://rukminim1.flixcart.com/image/312/312/kua4r680/mobile/q/i/p/11lite5g-11-lite-ne-5g-redmi-original-imag7f6centfwcbz.jpeg?q=70,None,8 GB RAM | 128 GB ROM | Expandable Upto 1 TB16.64 cm (6.55 inch) Full HD+ Display64MP + 8MP + 5MP | 20MP Front Camera4250 mAh BatteryQualcomm Snapdragon 778G ProcessorBrand Warranty of 1 Year Available for Mobile and 6 Months for Accessories
"Xiaomi 11Lite NE (Tuscany Coral, 128 GB)",https://rukminim1.flixcart.com/image/312/312/kua4r680/mobile/f/h/2/11lite5g-xiaomi-11-lite-ne-5g-redmi-original-imag7f6cggkvuyyb.jpeg?q=70,None,6 GB RAM | 128 GB ROM | Expandable Upto 1 TB16.64 cm (6.55 inch) Full HD+ Display64MP + 8MP + 5MP | 20MP Front Camera4250 mAh BatteryQualcomm Snapdragon 778G ProcessorBrand Warranty of 1 Year Available for Mobile and 6 Months for Accessories
"Mi 11 Lite (Vinyl Black, 128 GB)",https://rukminim1.flixcart.com/image/312/312/kq6yefk0/mobile/b/2/f/11-lite-m2101k9ai-mi-original-imag496egxryygvz.jpeg?q=70,None,8 GB RAM | 128 GB ROM | Expandable Upto 512 GB16.64 cm (6.55 inch) Full HD+ Display64MP + 8MP + 5MP | 16MP Front Camera4250 mAh Li-Polymer BatteryQualcomm Snapdragon 732G Processor1 Year Manufacturer Warranty for Handset and 6 Months Warranty for In the Box Accessories
"Redmi 8A (Sunset Red, 32 GB)",https://rukminim1.flixcart.com/image/312/312/k0y6cnk0/mobile/p/4/x/mi-redmi-8a-mzb8459in-original-imafkmg2mza82yyu.jpeg?q=70,None,3 GB RAM | 32 GB ROM | Expandable Upto 512 GB15.8 cm (6.22 inch) HD+ Display12MP Rear Camera | 8MP Front Camera5000 mAh BatteryQualcomm Snapdragon 439 ProcessorBrand Warranty of 1 Year Available for Mobile and 6 Months for Accessories
"Xiaomi 11T Pro 5G Hyperphone (Moonlight White, 256 GB)",https://rukminim1.flixcart.com/image/312/312/kyoqmq80/mobile/f/m/b/11t-pro-5g-11t-mi-original-imagauz3cr3wzrhg.jpeg?q=70,None,8 GB RAM | 256 GB ROM16.94 cm (6.67 inch) Display108MP Rear Camera5000 mAh Battery12 months
"Redmi 9A (SeaBlue, 32 GB)",https://rukminim1.flixcart.com/image/312/312/kesv0y80/mobile/w/g/r/mi-redmi-9a-b08696xb4b-original-imafve7pjpemhwk5.jpeg?q=70,None,2 GB RAM | 32 GB ROM16.59 cm (6.53 inch) Full HD+ Display13MP Rear Camera5000 mAh Battery1 Year Manufacturer  Warranty
"Redmi 8 (Ruby Red, 64 GB)",https://rukminim1.flixcart.com/image/312/312/k1fbmvk0/mobile/4/f/f/mi-redmi-8-mzb8251in-original-imafhyacmxaefxgw.jpeg?q=70,None,4 GB RAM | 64 GB ROM | Expandable Upto 512 GB15.8 cm (6.22 inch) HD+ Display12MP + 2MP | 8MP Front Camera5000 mAh BatteryQualcomm Snapdragon 439 ProcessorBrand Warranty of 1 Year Available for Mobile and 6 Months for Accessories
"Redmi Note 9 Pro (Interstellar Black, 64 GB)",https://rukminim1.flixcart.com/image/312/312/k7usyvk0/mobile/g/u/h/mi-redmi-note-9-b0784d862l-original-imafqy27dchrz3af.jpeg?q=70,None,4 GB RAM | 64 GB ROM | Expandable Upto 512 GB16.94 cm (6.67 inch) Full HD+ Display48MP + 8MP + 5MP + 2MP | 16MP Front Camera5020 mAh BatteryQualcomm® Snapdragon™ 720G Processor1 year manufacturer warranty for device and 6 months manufacturer warranty for in-box accessories
"Redmi 8A (Midnight Black, 32 GB)",https://rukminim1.flixcart.com/image/312/312/k12go7k0/mobile/8/e/b/mi-redmi-8a-mzb8298in-original-imafkmhqztfbabww.jpeg?q=70,None,3 GB RAM | 32 GB ROM | Expandable Upto 512 GB15.8 cm (6.22 inch) HD+ Display12MP Rear Camera | 8MP Front Camera5000 mAh BatteryQualcomm Snapdragon 439 ProcessorBrand Warranty of 1 Year Available for Mobile and 6 Months for Accessories
name,image,rating,detail
"Redmi Note 11 (Starburst White, 64 GB)",https://rukminim1.flixcart.com/image/312/312/kzfvzww0/mobile/t/f/s/note-11-2201117ti-redmi-original-imagbgaqje2mygjm.jpeg?q=70,"<div class=""_3LWZlK"">4.2<img class=""_1wB99o"" src=""data:image/svg+xml;base64,PHN2ZyB4bWxucz0iaHR0cDovL3d3dy53My5vcmcvMjAwMC9zdmciIHdpZHRoPSIxMyIgaGVpZ2h0PSIxMiI+PHBhdGggZmlsbD0iI0ZGRiIgZD0iTTYuNSA5LjQzOWwtMy42NzQgMi4yMy45NC00LjI2LTMuMjEtMi44ODMgNC4yNTQtLjQwNEw2LjUuMTEybDEuNjkgNC4wMSA0LjI1NC40MDQtMy4yMSAyLjg4Mi45NCA0LjI2eiIvPjwvc3ZnPg==""/></div>",6 GB RAM | 64 GB ROM16.33 cm (6.43 inch) Display50MP Rear Camera5000 mAh Battery12 months
"Redmi Note 11 PRO Plus 5G (Stealth Black, 256 GB)",https://rukminim1.flixcart.com/image/312/312/l13whow0/mobile/t/q/j/note-11-pro-plus-5g-2201116si-redmi-original-imagcqrqw5rwhguk.jpeg?q=70,"<div class=""_3LWZlK"">4.2<img class=""_1wB99o"" src=""data:image/svg+xml;base64,PHN2ZyB4bWxucz0iaHR0cDovL3d3dy53My5vcmcvMjAwMC9zdmciIHdpZHRoPSIxMyIgaGVpZ2h0PSIxMiI+PHBhdGggZmlsbD0iI0ZGRiIgZD0iTTYuNSA5LjQzOWwtMy42NzQgMi4yMy45NC00LjI2LTMuMjEtMi44ODMgNC4yNTQtLjQwNEw2LjUuMTEybDEuNjkgNC4wMSA0LjI1NC40MDQtMy4yMSAyLjg4Mi45NCA0LjI2eiIvPjwvc3ZnPg==""/></div>",8 GB RAM | 256 GB ROM16.94 cm (6.67 inch) Display108MP Rear Camera | 16MP Front Camera5000 mAh Battery12 months
"Redmi Note 11 PRO Plus 5G (Mirage Blue, 256 GB)",https://rukminim1.flixcart.com/image/312/312/l13whow0/mobile/0/6/7/note-11-pro-plus-5g-2201116si-redmi-original-imagcqr7spupzwtz.jpeg?q=70,"<div class=""_3LWZlK"">4.2<img class=""_1wB99o"" src=""data:image/svg+xml;base64,PHN2ZyB4bWxucz0iaHR0cDovL3d3dy53My5vcmcvMjAwMC9zdmciIHdpZHRoPSIxMyIgaGVpZ2h0PSIxMiI+PHBhdGggZmlsbD0iI0ZGRiIgZD0iTTYuNSA5LjQzOWwtMy42NzQgMi4yMy45NC00LjI2LTMuMjEtMi44ODMgNC4yNTQtLjQwNEw2LjUuMTEybDEuNjkgNC4wMSA0LjI1NC40MDQtMy4yMSAyLjg4Mi45NCA0LjI2eiIvPjwvc3ZnPg==""/></div>",8 GB RAM | 256 GB ROM16.94 cm (6.67 inch) Display108MP Rear Camera5000 mAh Battery12 months
"Redmi Note 11 PRO Plus 5G (Phantom White, 128 GB)",https://rukminim1.flixcart.com/image/312/312/l1mh7rk0/mobile/f/z/p/note-11-pro-5g-2201116si-redmi-original-imagd5gcaqg9cvme.jpeg?q=70,"<div class=""_3LWZlK"">4.2<img class=""_1wB99o"" src=""data:image/svg+xml;base64,PHN2ZyB4bWxucz0iaHR0cDovL3d3dy53My5vcmcvMjAwMC9zdmciIHdpZHRoPSIxMyIgaGVpZ2h0PSIxMiI+PHBhdGggZmlsbD0iI0ZGRiIgZD0iTTYuNSA5LjQzOWwtMy42NzQgMi4yMy45NC00LjI2LTMuMjEtMi44ODMgNC4yNTQtLjQwNEw2LjUuMTEybDEuNjkgNC4wMSA0LjI1NC40MDQtMy4yMSAyLjg4Mi45NCA0LjI2eiIvPjwvc3ZnPg==""/></div>",6 GB RAM | 128 GB ROM16.94 cm (6.67 inch) Display108MP Rear Camera5000 mAh Battery12 months
"Redmi Note 11 (Horizon Blue, 64 GB)",https://rukminim1.flixcart.com/image/312/312/xif0q/mobile/p/5/r/redmi-note-11-2201117ti-mi-original-imaggghwgnzxzzvm.jpeg?q=70,"<div class=""_3LWZlK"">4.2<img class=""_1wB99o"" src=""data:image/svg+xml;base64,PHN2ZyB4bWxucz0iaHR0cDovL3d3dy53My5vcmcvMjAwMC9zdmciIHdpZHRoPSIxMyIgaGVpZ2h0PSIxMiI+PHBhdGggZmlsbD0iI0ZGRiIgZD0iTTYuNSA5LjQzOWwtMy42NzQgMi4yMy45NC00LjI2LTMuMjEtMi44ODMgNC4yNTQtLjQwNEw2LjUuMTEybDEuNjkgNC4wMSA0LjI1NC40MDQtMy4yMSAyLjg4Mi45NCA0LjI2eiIvPjwvc3ZnPg==""/></div>",6 GB RAM | 64 GB ROM16.33 cm (6.43 inch) Display50MP Rear Camera5000 mAh Battery12 months
"Redmi 9A (Midnight Black, 32 GB)",https://rukminim1.flixcart.com/image/312/312/kesv0y80/mobile/b/h/z/mi-redmi-9a-b08696xb4b-original-imafve7pnhwakaha.jpeg?q=70,"<div class=""_3LWZlK"">4.3<img class=""_1wB99o"" src=""data:image/svg+xml;base64,PHN2ZyB4bWxucz0iaHR0cDovL3d3dy53My5vcmcvMjAwMC9zdmciIHdpZHRoPSIxMyIgaGVpZ2h0PSIxMiI+PHBhdGggZmlsbD0iI0ZGRiIgZD0iTTYuNSA5LjQzOWwtMy42NzQgMi4yMy45NC00LjI2LTMuMjEtMi44ODMgNC4yNTQtLjQwNEw2LjUuMTEybDEuNjkgNC4wMSA0LjI1NC40MDQtMy4yMSAyLjg4Mi45NCA0LjI2eiIvPjwvc3ZnPg==""/></div>",2 GB RAM | 32 GB ROM16.59 cm (6.53 inch) Full HD+ Display13MP Rear Camera5000 mAh Battery1 Year  Manufacturer Warranty
"Redmi Note 11 (Space Black, 128 GB)",https://rukminim1.flixcart.com/image/312/312/kzhbfrk0/mobile/k/d/j/note-11-2201117ti-redmi-original-imagbh8dmpjfzrjw.jpeg?q=70,"<div class=""_3LWZlK"">4.2<img class=""_1wB99o"" src=""data:image/svg+xml;base64,PHN2ZyB4bWxucz0iaHR0cDovL3d3dy53My5vcmcvMjAwMC9zdmciIHdpZHRoPSIxMyIgaGVpZ2h0PSIxMiI+PHBhdGggZmlsbD0iI0ZGRiIgZD0iTTYuNSA5LjQzOWwtMy42NzQgMi4yMy45NC00LjI2LTMuMjEtMi44ODMgNC4yNTQtLjQwNEw2LjUuMTEybDEuNjkgNC4wMSA0LjI1NC40MDQtMy4yMSAyLjg4Mi45NCA0LjI2eiIvPjwvc3ZnPg==""/></div>",6 GB RAM | 128 GB ROM16.33 cm (6.43 inch) Display50MP Rear Camera5000 mAh BatterySnapdragon 680 Processor12 months
"REDMI Note 11T 5G (Aquamarine Blue, 128 GB)",https://rukminim1.flixcart.com/image/312/312/kwv0djk0/mobile/t/q/o/note-11t-5g-21091116ai-mzb0a8qin-redmi-original-imag9g3wygd8829v.jpeg?q=70,"<div class=""_3LWZlK"">4.3<img class=""_1wB99o"" src=""data:image/svg+xml;base64,PHN2ZyB4bWxucz0iaHR0cDovL3d3dy53My5vcmcvMjAwMC9zdmciIHdpZHRoPSIxMyIgaGVpZ2h0PSIxMiI+PHBhdGggZmlsbD0iI0ZGRiIgZD0iTTYuNSA5LjQzOWwtMy42NzQgMi4yMy45NC00LjI2LTMuMjEtMi44ODMgNC4yNTQtLjQwNEw2LjUuMTEybDEuNjkgNC4wMSA0LjI1NC40MDQtMy4yMSAyLjg4Mi45NCA0LjI2eiIvPjwvc3ZnPg==""/></div>",8 GB RAM | 128 GB ROM16.76 cm (6.6 inch) Display50MP Rear Camera5000 mAh BatteryOcta Core Processor12 months
"Xiaomi 11i Hypercharge 5G (Purple Mist, 128 GB)",https://rukminim1.flixcart.com/image/312/312/ky7lci80/mobile/k/b/g/-original-imagagf6fzbhuhny.jpeg?q=70,"<div class=""_3LWZlK"">4.2<img class=""_1wB99o"" src=""data:image/svg+xml;base64,PHN2ZyB4bWxucz0iaHR0cDovL3d3dy53My5vcmcvMjAwMC9zdmciIHdpZHRoPSIxMyIgaGVpZ2h0PSIxMiI+PHBhdGggZmlsbD0iI0ZGRiIgZD0iTTYuNSA5LjQzOWwtMy42NzQgMi4yMy45NC00LjI2LTMuMjEtMi44ODMgNC4yNTQtLjQwNEw2LjUuMTEybDEuNjkgNC4wMSA0LjI1NC40MDQtMy4yMSAyLjg4Mi45NCA0LjI2eiIvPjwvc3ZnPg==""/></div>",8 GB RAM | 128 GB ROM | Expandable Upto 1 TB16.94 cm (6.67 inch) Full HD+ AMOLED Display108MP + 8MP + 2MP | 16MP Front Camera4500 mAh Li-Polymer BatteryMediatek Dimensity 920 Processor1 Year Manufacturer Warranty for Phone and 6 Months Warranty for In the Box Accessories
"REDMI Note 11T 5G (Stardust White, 128 GB)",https://rukminim1.flixcart.com/image/312/312/kwv0djk0/mobile/g/h/4/note-11t-21091116ai-mzb0a8qin-redmi-original-imag9g37hzxggjgg.jpeg?q=70,"<div class=""_3LWZlK"">4.3<img class=""_1wB99o"" src=""data:image/svg+xml;base64,PHN2ZyB4bWxucz0iaHR0cDovL3d3dy53My5vcmcvMjAwMC9zdmciIHdpZHRoPSIxMyIgaGVpZ2h0PSIxMiI+PHBhdGggZmlsbD0iI0ZGRiIgZD0iTTYuNSA5LjQzOWwtMy42NzQgMi4yMy45NC00LjI2LTMuMjEtMi44ODMgNC4yNTQtLjQwNEw2LjUuMTEybDEuNjkgNC4wMSA0LjI1NC40MDQtMy4yMSAyLjg4Mi45NCA0LjI2eiIvPjwvc3ZnPg==""/></div>",8 GB RAM | 128 GB ROM16.76 cm (6.6 inch) Display50MP Rear Camera5000 mAh BatteryOcta Core Processor12
"REDMI Note 11T 5G (Matte black, 128 GB)",https://rukminim1.flixcart.com/image/312/312/kwv0djk0/mobile/n/t/m/note-11t-21091116ai-mzb0a8qain-redmi-original-imag9g3hxujubg8g.jpeg?q=70,"<div class=""_3LWZlK"">4.2<img class=""_1wB99o"" src=""data:image/svg+xml;base64,PHN2ZyB4bWxucz0iaHR0cDovL3d3dy53My5vcmcvMjAwMC9zdmciIHdpZHRoPSIxMyIgaGVpZ2h0PSIxMiI+PHBhdGggZmlsbD0iI0ZGRiIgZD0iTTYuNSA5LjQzOWwtMy42NzQgMi4yMy45NC00LjI2LTMuMjEtMi44ODMgNC4yNTQtLjQwNEw2LjUuMTEybDEuNjkgNC4wMSA0LjI1NC40MDQtMy4yMSAyLjg4Mi45NCA0LjI2eiIvPjwvc3ZnPg==""/></div>",6 GB RAM | 128 GB ROM16.76 cm (6.6 inch) Display50MP Rear Camera5000 mAh BatteryOcta Core Processor12 months
"Redmi 8 (Emerald Green, 64 GB)",https://rukminim1.flixcart.com/image/312/312/k1fbmvk0/mobile/9/e/m/mi-redmi-8-mzb8252in-original-imafhyacczv2h27n.jpeg?q=70,"<div class=""_3LWZlK"">4.4<img class=""_1wB99o"" src=""data:image/svg+xml;base64,PHN2ZyB4bWxucz0iaHR0cDovL3d3dy53My5vcmcvMjAwMC9zdmciIHdpZHRoPSIxMyIgaGVpZ2h0PSIxMiI+PHBhdGggZmlsbD0iI0ZGRiIgZD0iTTYuNSA5LjQzOWwtMy42NzQgMi4yMy45NC00LjI2LTMuMjEtMi44ODMgNC4yNTQtLjQwNEw2LjUuMTEybDEuNjkgNC4wMSA0LjI1NC40MDQtMy4yMSAyLjg4Mi45NCA0LjI2eiIvPjwvc3ZnPg==""/></div>",4 GB RAM | 64 GB ROM | Expandable Upto 512 GB15.8 cm (6.22 inch) HD+ Display12MP + 2MP | 8MP Front Camera5000 mAh BatteryQualcomm Snapdragon 439 ProcessorBrand Warranty of 1 Year Available for Mobile and 6 Months for Accessories
"Redmi 9A (Midnight Black, 32 GB)",https://rukminim1.flixcart.com/image/312/312/kesv0y80/mobile/b/h/z/mi-redmi-9a-b08696xb4b-original-imafve7pnhwakaha.jpeg?q=70,"<div class=""_3LWZlK"">4.3<img class=""_1wB99o"" src=""data:image/svg+xml;base64,PHN2ZyB4bWxucz0iaHR0cDovL3d3dy53My5vcmcvMjAwMC9zdmciIHdpZHRoPSIxMyIgaGVpZ2h0PSIxMiI+PHBhdGggZmlsbD0iI0ZGRiIgZD0iTTYuNSA5LjQzOWwtMy42NzQgMi4yMy45NC00LjI2LTMuMjEtMi44ODMgNC4yNTQtLjQwNEw2LjUuMTEybDEuNjkgNC4wMSA0LjI1NC40MDQtMy4yMSAyLjg4Mi45NCA0LjI2eiIvPjwvc3ZnPg==""/></div>",3 GB RAM | 32 GB ROM | Expandable Upto 512 GB16.59 cm (6.53 inch) HD+ Display13MP Rear Camera | 5MP Front Camera5000 mAh BatteryMediaTek Helio G25 Processor1 year manufacturer warranty for device and 6 months manufacturer warranty for in-box accessories including batteries from the date of purchase
"Redmi 9A (Nature Green, 32 GB)",https://rukminim1.flixcart.com/image/312/312/kesv0y80/mobile/k/h/9/mi-redmi-9a-b08696xb4b-original-imafve7pte7e4zmp.jpeg?q=70,"<div class=""_3LWZlK"">4.3<img class=""_1wB99o"" src=""data:image/svg+xml;base64,PHN2ZyB4bWxucz0iaHR0cDovL3d3dy53My5vcmcvMjAwMC9zdmciIHdpZHRoPSIxMyIgaGVpZ2h0PSIxMiI+PHBhdGggZmlsbD0iI0ZGRiIgZD0iTTYuNSA5LjQzOWwtMy42NzQgMi4yMy45NC00LjI2LTMuMjEtMi44ODMgNC4yNTQtLjQwNEw2LjUuMTEybDEuNjkgNC4wMSA0LjI1NC40MDQtMy4yMSAyLjg4Mi45NCA0LjI2eiIvPjwvc3ZnPg==""/></div>",3 GB RAM | 32 GB ROM | Expandable Upto 512 GB16.59 cm (6.53 inch) HD+ Display13MP Rear Camera | 5MP Front Camera5000 mAh BatteryMediaTek Helio G25 Processor1 year manufacturer warranty for device and 6 months manufacturer warranty for in-box accessories including batteries from the date of purchase
"Redmi 9 (Sky Blue, 64 GB)",https://rukminim1.flixcart.com/image/312/312/kehfi4w0/mobile/g/9/h/mi-redmi-9-lpddr4x-original-imafv5kypkgfqupf.jpeg?q=70,"<div class=""_3LWZlK"">4.2<img class=""_1wB99o"" src=""data:image/svg+xml;base64,PHN2ZyB4bWxucz0iaHR0cDovL3d3dy53My5vcmcvMjAwMC9zdmciIHdpZHRoPSIxMyIgaGVpZ2h0PSIxMiI+PHBhdGggZmlsbD0iI0ZGRiIgZD0iTTYuNSA5LjQzOWwtMy42NzQgMi4yMy45NC00LjI2LTMuMjEtMi44ODMgNC4yNTQtLjQwNEw2LjUuMTEybDEuNjkgNC4wMSA0LjI1NC40MDQtMy4yMSAyLjg4Mi45NCA0LjI2eiIvPjwvc3ZnPg==""/></div>",4 GB RAM | 64 GB ROM16.59 cm (6.53 inch) HD+ Display13MP + 2MP | 5MP Front Camera5000 mAh BatteryMediaTek Helio G35 Processor1 year manufacturer warranty for device and 6 months manufacturer warranty for in-box accessories including batteries from the date of purchase
"Xiaomi 11Lite NE (Diamond Dazzle, 128 GB)",https://rukminim1.flixcart.com/image/312/312/kua4r680/mobile/q/i/p/11lite5g-11-lite-ne-5g-redmi-original-imag7f6centfwcbz.jpeg?q=70,"<div class=""_3LWZlK"">4.2<img class=""_1wB99o"" src=""data:image/svg+xml;base64,PHN2ZyB4bWxucz0iaHR0cDovL3d3dy53My5vcmcvMjAwMC9zdmciIHdpZHRoPSIxMyIgaGVpZ2h0PSIxMiI+PHBhdGggZmlsbD0iI0ZGRiIgZD0iTTYuNSA5LjQzOWwtMy42NzQgMi4yMy45NC00LjI2LTMuMjEtMi44ODMgNC4yNTQtLjQwNEw2LjUuMTEybDEuNjkgNC4wMSA0LjI1NC40MDQtMy4yMSAyLjg4Mi45NCA0LjI2eiIvPjwvc3ZnPg==""/></div>",8 GB RAM | 128 GB ROM | Expandable Upto 1 TB16.64 cm (6.55 inch) Full HD+ Display64MP + 8MP + 5MP | 20MP Front Camera4250 mAh BatteryQualcomm Snapdragon 778G ProcessorBrand Warranty of 1 Year Available for Mobile and 6 Months for Accessories
"Xiaomi 11Lite NE (Tuscany Coral, 128 GB)",https://rukminim1.flixcart.com/image/312/312/kua4r680/mobile/f/h/2/11lite5g-xiaomi-11-lite-ne-5g-redmi-original-imag7f6cggkvuyyb.jpeg?q=70,"<div class=""_3LWZlK"">4.2<img class=""_1wB99o"" src=""data:image/svg+xml;base64,PHN2ZyB4bWxucz0iaHR0cDovL3d3dy53My5vcmcvMjAwMC9zdmciIHdpZHRoPSIxMyIgaGVpZ2h0PSIxMiI+PHBhdGggZmlsbD0iI0ZGRiIgZD0iTTYuNSA5LjQzOWwtMy42NzQgMi4yMy45NC00LjI2LTMuMjEtMi44ODMgNC4yNTQtLjQwNEw2LjUuMTEybDEuNjkgNC4wMSA0LjI1NC40MDQtMy4yMSAyLjg4Mi45NCA0LjI2eiIvPjwvc3ZnPg==""/></div>",6 GB RAM | 128 GB ROM | Expandable Upto 1 TB16.64 cm (6.55 inch) Full HD+ Display64MP + 8MP + 5MP | 20MP Front Camera4250 mAh BatteryQualcomm Snapdragon 778G ProcessorBrand Warranty of 1 Year Available for Mobile and 6 Months for Accessories
"Mi 11 Lite (Vinyl Black, 128 GB)",https://rukminim1.flixcart.com/image/312/312/kq6yefk0/mobile/b/2/f/11-lite-m2101k9ai-mi-original-imag496egxryygvz.jpeg?q=70,"<div class=""_3LWZlK"">4.2<img class=""_1wB99o"" src=""data:image/svg+xml;base64,PHN2ZyB4bWxucz0iaHR0cDovL3d3dy53My5vcmcvMjAwMC9zdmciIHdpZHRoPSIxMyIgaGVpZ2h0PSIxMiI+PHBhdGggZmlsbD0iI0ZGRiIgZD0iTTYuNSA5LjQzOWwtMy42NzQgMi4yMy45NC00LjI2LTMuMjEtMi44ODMgNC4yNTQtLjQwNEw2LjUuMTEybDEuNjkgNC4wMSA0LjI1NC40MDQtMy4yMSAyLjg4Mi45NCA0LjI2eiIvPjwvc3ZnPg==""/></div>",8 GB RAM | 128 GB ROM | Expandable Upto 512 GB16.64 cm (6.55 inch) Full HD+ Display64MP + 8MP + 5MP | 16MP Front Camera4250 mAh Li-Polymer BatteryQualcomm Snapdragon 732G Processor1 Year Manufacturer Warranty for Handset and 6 Months Warranty for In the Box Accessories
"Redmi 8A (Sunset Red, 32 GB)",https://rukminim1.flixcart.com/image/312/312/k0y6cnk0/mobile/p/4/x/mi-redmi-8a-mzb8459in-original-imafkmg2mza82yyu.jpeg?q=70,"<div class=""_3LWZlK"">4.4<img class=""_1wB99o"" src=""data:image/svg+xml;base64,PHN2ZyB4bWxucz0iaHR0cDovL3d3dy53My5vcmcvMjAwMC9zdmciIHdpZHRoPSIxMyIgaGVpZ2h0PSIxMiI+PHBhdGggZmlsbD0iI0ZGRiIgZD0iTTYuNSA5LjQzOWwtMy42NzQgMi4yMy45NC00LjI2LTMuMjEtMi44ODMgNC4yNTQtLjQwNEw2LjUuMTEybDEuNjkgNC4wMSA0LjI1NC40MDQtMy4yMSAyLjg4Mi45NCA0LjI2eiIvPjwvc3ZnPg==""/></div>",3 GB RAM | 32 GB ROM | Expandable Upto 512 GB15.8 cm (6.22 inch) HD+ Display12MP Rear Camera | 8MP Front Camera5000 mAh BatteryQualcomm Snapdragon 439 ProcessorBrand Warranty of 1 Year Available for Mobile and 6 Months for Accessories
"Xiaomi 11T Pro 5G Hyperphone (Moonlight White, 256 GB)",https://rukminim1.flixcart.com/image/312/312/kyoqmq80/mobile/f/m/b/11t-pro-5g-11t-mi-original-imagauz3cr3wzrhg.jpeg?q=70,"<div class=""_3LWZlK"">4<img class=""_1wB99o"" src=""data:image/svg+xml;base64,PHN2ZyB4bWxucz0iaHR0cDovL3d3dy53My5vcmcvMjAwMC9zdmciIHdpZHRoPSIxMyIgaGVpZ2h0PSIxMiI+PHBhdGggZmlsbD0iI0ZGRiIgZD0iTTYuNSA5LjQzOWwtMy42NzQgMi4yMy45NC00LjI2LTMuMjEtMi44ODMgNC4yNTQtLjQwNEw2LjUuMTEybDEuNjkgNC4wMSA0LjI1NC40MDQtMy4yMSAyLjg4Mi45NCA0LjI2eiIvPjwvc3ZnPg==""/></div>",8 GB RAM | 256 GB ROM16.94 cm (6.67 inch) Display108MP Rear Camera5000 mAh Battery12 months
"Redmi 9A (SeaBlue, 32 GB)",https://rukminim1.flixcart.com/image/312/312/kesv0y80/mobile/w/g/r/mi-redmi-9a-b08696xb4b-original-imafve7pjpemhwk5.jpeg?q=70,"<div class=""_3LWZlK"">4.3<img class=""_1wB99o"" src=""data:image/svg+xml;base64,PHN2ZyB4bWxucz0iaHR0cDovL3d3dy53My5vcmcvMjAwMC9zdmciIHdpZHRoPSIxMyIgaGVpZ2h0PSIxMiI+PHBhdGggZmlsbD0iI0ZGRiIgZD0iTTYuNSA5LjQzOWwtMy42NzQgMi4yMy45NC00LjI2LTMuMjEtMi44ODMgNC4yNTQtLjQwNEw2LjUuMTEybDEuNjkgNC4wMSA0LjI1NC40MDQtMy4yMSAyLjg4Mi45NCA0LjI2eiIvPjwvc3ZnPg==""/></div>",2 GB RAM | 32 GB ROM16.59 cm (6.53 inch) Full HD+ Display13MP Rear Camera5000 mAh Battery1 Year Manufacturer  Warranty
"Redmi 8 (Ruby Red, 64 GB)",https://rukminim1.flixcart.com/image/312/312/k1fbmvk0/mobile/4/f/f/mi-redmi-8-mzb8251in-original-imafhyacmxaefxgw.jpeg?q=70,"<div class=""_3LWZlK"">4.4<img class=""_1wB99o"" src=""data:image/svg+xml;base64,PHN2ZyB4bWxucz0iaHR0cDovL3d3dy53My5vcmcvMjAwMC9zdmciIHdpZHRoPSIxMyIgaGVpZ2h0PSIxMiI+PHBhdGggZmlsbD0iI0ZGRiIgZD0iTTYuNSA5LjQzOWwtMy42NzQgMi4yMy45NC00LjI2LTMuMjEtMi44ODMgNC4yNTQtLjQwNEw2LjUuMTEybDEuNjkgNC4wMSA0LjI1NC40MDQtMy4yMSAyLjg4Mi45NCA0LjI2eiIvPjwvc3ZnPg==""/></div>",4 GB RAM | 64 GB ROM | Expandable Upto 512 GB15.8 cm (6.22 inch) HD+ Display12MP + 2MP | 8MP Front Camera5000 mAh BatteryQualcomm Snapdragon 439 ProcessorBrand Warranty of 1 Year Available for Mobile and 6 Months for Accessories
"Redmi Note 9 Pro (Interstellar Black, 64 GB)",https://rukminim1.flixcart.com/image/312/312/k7usyvk0/mobile/g/u/h/mi-redmi-note-9-b0784d862l-original-imafqy27dchrz3af.jpeg?q=70,"<div class=""_3LWZlK"">4.4<img class=""_1wB99o"" src=""data:image/svg+xml;base64,PHN2ZyB4bWxucz0iaHR0cDovL3d3dy53My5vcmcvMjAwMC9zdmciIHdpZHRoPSIxMyIgaGVpZ2h0PSIxMiI+PHBhdGggZmlsbD0iI0ZGRiIgZD0iTTYuNSA5LjQzOWwtMy42NzQgMi4yMy45NC00LjI2LTMuMjEtMi44ODMgNC4yNTQtLjQwNEw2LjUuMTEybDEuNjkgNC4wMSA0LjI1NC40MDQtMy4yMSAyLjg4Mi45NCA0LjI2eiIvPjwvc3ZnPg==""/></div>",4 GB RAM | 64 GB ROM | Expandable Upto 512 GB16.94 cm (6.67 inch) Full HD+ Display48MP + 8MP + 5MP + 2MP | 16MP Front Camera5020 mAh BatteryQualcomm® Snapdragon™ 720G Processor1 year manufacturer warranty for device and 6 months manufacturer warranty for in-box accessories
"Redmi 8A (Midnight Black, 32 GB)",https://rukminim1.flixcart.com/image/312/312/k12go7k0/mobile/8/e/b/mi-redmi-8a-mzb8298in-original-imafkmhqztfbabww.jpeg?q=70,"<div class=""_3LWZlK"">4.4<img class=""_1wB99o"" src=""data:image/svg+xml;base64,PHN2ZyB4bWxucz0iaHR0cDovL3d3dy53My5vcmcvMjAwMC9zdmciIHdpZHRoPSIxMyIgaGVpZ2h0PSIxMiI+PHBhdGggZmlsbD0iI0ZGRiIgZD0iTTYuNSA5LjQzOWwtMy42NzQgMi4yMy45NC00LjI2LTMuMjEtMi44ODMgNC4yNTQtLjQwNEw2LjUuMTEybDEuNjkgNC4wMSA0LjI1NC40MDQtMy4yMSAyLjg4Mi45NCA0LjI2eiIvPjwvc3ZnPg==""/></div>",3 GB RAM | 32 GB ROM | Expandable Upto 512 GB15.8 cm (6.22 inch) HD+ Display12MP Rear Camera | 8MP Front Camera5000 mAh BatteryQualcomm Snapdragon 439 ProcessorBrand Warranty of 1 Year Available for Mobile and 6 Months for Accessories
